"actor","actorid","quality_class","is_active","start_date","end_date","current_year"
"Roger Corman","nm0000339","bad",False,2001,2002,2002
"Frankie Avalon","nm0000811","bad",False,1983,1986,1986
"Brent Spiner","nm0000653","good",True,2004,2004,2004
"Mathilda May","nm0000528","bad",True,1984,1986,1986
"Keir Dullea","nm0001158","bad",False,1983,1983,1983
"Joey Lauren Adams","nm0000725","bad",False,2005,2005,2005
"Tippi Hedren","nm0001335","bad",True,1994,1994,1994
"Harvey Keitel","nm0000172","bad",False,1981,1981,1981
"Maggie Cheung","nm0001041","bad",True,2000,2000,2000
"Katharine Hepburn","nm0000031","average",True,1971,1971,1971
"Bob Balaban","nm0000837","average",False,1982,1983,1983
"Dabney Coleman","nm0001056","average",True,1990,1990,1990
"Rene Russo","nm0000623","average",True,1998,1999,1999
"Jami Gertz","nm0000415","bad",False,1982,1983,1983
"Mia Farrow","nm0001201","good",True,1992,1992,1992
"Ethan Hawke","nm0000160","good",True,2014,2014,2014
"Clint Eastwood","nm0000142","average",False,2013,2013,2013
"Charles Grodin","nm0001301","bad",True,1981,1981,1981
"James Garner","nm0001258","average",False,1986,1987,1987
"Brenda Blethyn","nm0000950","bad",True,2014,2014,2014
"Michael Douglas","nm0000140","bad",True,1980,1980,1980
"Patricia Arquette","nm0000099","average",False,2007,2011,2011
"James Stewart","nm0000071","good",True,1976,1976,1976
"Lesley Ann Warren","nm0000690","bad",True,1981,1981,1981
"Wesley Snipes","nm0000648","average",False,2010,2010,2010
"Ben Gazzara","nm0001262","average",True,1999,1999,1999
"David Bowie","nm0000309","average",False,1997,1997,1997
"Majel Barrett","nm0000854","bad",True,1977,1977,1977
"Greg Kinnear","nm0001427","average",False,2009,2009,2009
"Susan George","nm0001265","average",False,1973,1973,1973
"Nick Nolte","nm0000560","average",True,2012,2013,2013
"Burt Lancaster","nm0000044","average",True,1986,1986,1986
"Monica Bellucci","nm0000899","average",True,2007,2007,2007
"Bruce Willis","nm0000246","average",True,2001,2001,2001
"Stockard Channing","nm0000330","bad",False,1980,1981,1981
"Terry Gilliam","nm0000416","good",False,1984,1984,1984
"Charlie Sheen","nm0000221","average",True,1993,1993,1993
"Bridget Fonda","nm0000403","bad",True,1995,1995,1995
"Deborah Kara Unger","nm0000679","bad",False,1995,1995,1995
"Charles Bronson","nm0000314","bad",True,1994,1994,1994
"Tim Robbins","nm0000209","average",True,1994,1994,1994
"Madonna","nm0000187","average",False,1997,1999,1999
"John Lithgow","nm0001475","average",True,2000,2000,2000
"Brenda Blethyn","nm0000950","bad",False,2012,2013,2013
"Dana Carvey","nm0001022","average",False,1991,1991,1991
"Stephen Fry","nm0000410","good",True,2011,2011,2011
"Parker Posey","nm0000205","good",True,1993,1993,1993
"Jennifer Connelly","nm0000124","good",True,1986,1986,1986
"Johnny Depp","nm0000136","good",True,2003,2003,2003
"Ray Liotta","nm0000501","average",False,1993,1993,1993
"Alfred Hitchcock","nm0000033","good",False,1973,1975,1975
"Charlize Theron","nm0000234","bad",True,1995,1995,1995
"Paul Reubens","nm0000607","average",False,1989,1991,1991
"Michael Mann","nm0000520","good",True,2015,2015,2015
"Catherine Deneuve","nm0000366","average",True,1974,1979,1979
"Maria Conchita Alonso","nm0000744","bad",False,2016,2016,2016
"Annabeth Gish","nm0001272","average",True,2017,2017,2017
"George Lucas","nm0000184","good",True,1997,1997,1997
"Dan Aykroyd","nm0000101","bad",False,2005,2006,2006
"Jennifer Lopez","nm0000182","bad",True,2006,2006,2006
"Tommy Lee Jones","nm0000169","average",True,2002,2003,2003
"Denzel Washington","nm0000243","average",True,1996,1996,1996
"Jamie Lee Curtis","nm0000130","bad",True,1998,2000,2000
"Jared Leto","nm0001467","good",True,2013,2013,2013
"Sean Patrick Flanery","nm0001218","average",True,2009,2010,2010
"Matthew Modine","nm0000546","bad",True,2003,2007,2007
"William H. Macy","nm0000513","average",True,1991,1991,1991
"Mia Kirshner","nm0000477","average",True,1993,1994,1994
"Gerard Depardieu","nm0000367","average",True,1975,1975,1975
"William Katt","nm0001411","bad",True,1996,1996,1996
"Laura Dern","nm0000368","good",True,1999,1999,1999
"Luc Besson","nm0000108","average",True,2014,2014,2014
"Stockard Channing","nm0000330","average",False,2004,2004,2004
"Kenneth Branagh","nm0000110","good",True,2013,2013,2013
"Stacy Haiduk","nm0001307","bad",False,2008,2008,2008
"David Cronenberg","nm0000343","bad",True,1994,1995,1995
"Kay Lenz","nm0001464","bad",False,1984,1984,1984
"Brad Renfro","nm0000605","good",True,2005,2005,2005
"Caroline Aaron","nm0000715","average",True,1993,1993,1993
"Lena Olin","nm0000565","good",True,1978,1978,1978
"Jason Beghe","nm0000892","average",False,1989,1990,1990
"Lili Taylor","nm0000666","bad",True,2018,2019,2019
"Philip Baker Hall","nm0001311","average",False,2008,2008,2008
"Timothy Bottoms","nm0000961","bad",False,1982,1982,1982
"Philip Baker Hall","nm0001311","average",False,1979,1979,1979
"Geena Davis","nm0000133","average",False,2010,2012,2012
"Tia Carrere","nm0000119","good",True,1994,1994,1994
"Steve McQueen","nm0000537","average",True,1974,1974,1974
"Rob Lowe","nm0000507","average",False,1993,1993,1993
"Graham Chapman","nm0001037","bad",True,2012,2012,2012
"Jeffrey Combs","nm0001062","bad",True,2006,2006,2006
"Bonnie Hunt","nm0001372","good",True,1996,1996,1996
"Meg Foster","nm0001236","average",True,2018,2018,2018
"Sonia Braga","nm0000968","bad",True,2001,2003,2003
"Dinah Manoff","nm0001503","average",False,1983,1986,1986
"Jane Alexander","nm0000737","bad",True,2008,2008,2008
"Richard Benjamin","nm0000907","bad",True,2006,2006,2006
"Richard Dreyfuss","nm0000377","bad",True,1974,1974,1974
"Quentin Tarantino","nm0000233","good",False,2016,2018,2018
"Jon Lovitz","nm0001484","average",True,1998,1998,1998
"Frank Oz","nm0000568","average",True,1996,1996,1996
"Joan Allen","nm0000260","average",True,2012,2012,2012
"Catherine Keener","nm0001416","bad",False,1994,1994,1994
"Jenette Goldstein","nm0001280","bad",False,2004,2007,2007
"Jason Priestley","nm0000594","average",True,1995,1995,1995
"Tom Selleck","nm0000633","bad",True,1995,1995,1995
"Robert Downey Jr.","nm0000375","good",True,2005,2009,2009
"Arnold Schwarzenegger","nm0000216","average",True,1993,1993,1993
"Justine Bateman","nm0000868","bad",True,1990,1990,1990
"Alan Bates","nm0000869","bad",True,1973,1973,1973
"Luc Besson","nm0000108","average",True,2000,2000,2000
"Michael Gough","nm0001284","bad",True,1989,1989,1989
"Emma Thompson","nm0000668","star",True,2011,2011,2011
"Glenn Ford","nm0001229","bad",True,1973,1973,1973
"Anthony Andrews","nm0000762","bad",True,1985,1985,1985
"Troy Donahue","nm0001148","star",True,1974,1974,1974
"Lena Olin","nm0000565","good",True,1988,1988,1988
"Amy Madigan","nm0001496","good",False,1990,1992,1992
"Rutger Hauer","nm0000442","bad",False,2003,2003,2003
"Jeremy Irons","nm0000460","average",True,1984,1984,1984
"Claudia Cardinale","nm0001012","average",True,1975,1977,1977
"Peter Coyote","nm0001075","average",True,1998,1998,1998
"Michelle Yeoh","nm0000706","good",True,2011,2011,2011
"Jeremy Irons","nm0000460","good",True,1990,1990,1990
"Claire Forlani","nm0001231","average",True,2006,2006,2006
"George Kennedy","nm0001421","average",True,2005,2005,2005
"Hulk Hogan","nm0001356","average",False,1983,1988,1988
"Marcia Gay Harden","nm0001315","good",True,1998,1998,1998
"Wil Wheaton","nm0000696","bad",True,1993,1993,1993
"Kyle MacLachlan","nm0001492","bad",True,2011,2011,2011
"Queen Latifah","nm0001451","bad",True,2007,2007,2007
"Peter Fonda","nm0001228","bad",False,1991,1992,1992
"Lesley-Anne Down","nm0001153","bad",True,1971,1973,1973
"Denise Richards","nm0000612","bad",False,1995,1996,1996
"Sophie Marceau","nm0000521","average",True,1993,1993,1993
"Sean Connery","nm0000125","good",True,1977,1977,1977
"Tom Selleck","nm0000633","average",False,1988,1988,1988
"Tcheky Karyo","nm0001409","bad",True,1986,1986,1986
"Terence Hill","nm0001352","good",True,1973,1973,1973
"Jamie Lee Curtis","nm0000130","bad",True,1990,1990,1990
"Julianna Margulies","nm0000523","average",True,2017,2017,2017
"Minnie Driver","nm0000378","bad",True,2017,2018,2018
"Jean Reno","nm0000606","bad",True,2004,2005,2005
"Sterling Hayden","nm0001330","bad",True,1973,1973,1973
"Woody Harrelson","nm0000437","bad",True,1978,1978,1978
"Jeff Goldblum","nm0000156","average",False,2007,2007,2007
"Bill Pullman","nm0000597","good",True,1987,1987,1987
"Paul Reubens","nm0000607","average",True,1992,1992,1992
"Dan Hedaya","nm0000445","average",True,1983,1983,1983
"Eddie Murphy","nm0000552","good",False,2005,2005,2005
"Meg Foster","nm0001236","bad",True,1987,1987,1987
"Ian Bannen","nm0000846","bad",True,2000,2000,2000
"Glenne Headly","nm0000444","good",True,2006,2006,2006
"Benicio Del Toro","nm0001125","average",True,1993,1993,1993
"Ann-Margret","nm0000268","bad",True,1979,1980,1980
"Robert Englund","nm0000387","bad",False,2002,2002,2002
"Tom Lister Jr.","nm0001474","bad",True,2015,2015,2015
"Danny Aiello","nm0000732","bad",True,1995,1999,1999
"Juliette Binoche","nm0000300","bad",True,2016,2016,2016
"Raymond J. Barry","nm0000855","good",True,2006,2006,2006
"Martin Sheen","nm0000640","average",True,1972,1973,1973
"Samuel L. Jackson","nm0000168","average",True,1991,1992,1992
"Matt Frewer","nm0001242","bad",True,1984,1984,1984
"Nick Nolte","nm0000560","bad",True,1975,1975,1975
"Maud Adams","nm0000726","average",True,1974,1975,1975
"Helena Bonham Carter","nm0000307","star",True,2011,2011,2011
"Christine Lahti","nm0001441","average",True,1989,1989,1989
"Yvonne De Carlo","nm0001119","bad",False,1982,1982,1982
"Mark Dacascos","nm0001092","bad",True,1989,1990,1990
"Bruce Dern","nm0001136","good",True,2013,2013,2013
"Aaron Eckhart","nm0001173","bad",True,2019,2020,2020
"John Huston","nm0001379","average",True,2018,2018,2018
"Mia Farrow","nm0001201","good",False,1993,1993,1993
"Matt Dillon","nm0000369","good",True,1979,1980,1980
"Kris Kristofferson","nm0001434","bad",True,1988,1989,1989
"Jim Carrey","nm0000120","average",False,2002,2002,2002
"Robbie Coltrane","nm0001059","good",False,2003,2003,2003
"Barry Bostwick","nm0000960","good",False,1976,1977,1977
"Hugh Grant","nm0000424","average",False,2008,2008,2008
"Bridget Fonda","nm0000403","good",True,1992,1992,1992
"Catherine Bach","nm0000280","bad",True,1989,1990,1990
"Jane Badler","nm0000826","bad",True,2015,2016,2016
"Tom Berenger","nm0000297","good",True,2001,2001,2001
"Brian Blessed","nm0000306","good",True,1993,1993,1993
"Mel Blanc","nm0000305","average",False,1971,1971,1971
"Jenna Elfman","nm0001184","average",True,1999,2000,2000
"Martha Plimpton","nm0000588","average",True,1986,1987,1987
"Jon Cryer","nm0001083","bad",False,2015,2018,2018
"Joan Allen","nm0000260","good",False,1987,1987,1987
"Susan Dey","nm0001138","bad",True,1985,1986,1986
"Armand Assante","nm0000800","bad",True,1984,1984,1984
"Helen Slater","nm0000644","bad",True,1988,1989,1989
"Crispin Glover","nm0000417","average",True,2007,2007,2007
"Steven Bauer","nm0000874","average",False,1987,1987,1987
"Martha Plimpton","nm0000588","bad",True,2017,2017,2017
"Bess Armstrong","nm0000787","bad",True,1993,1993,1993
"Billy Bob Thornton","nm0000671","good",True,2014,2014,2014
"Julie Andrews","nm0000267","bad",False,1984,1985,1985
"Rosalind Chao","nm0001034","average",True,2003,2003,2003
"Ann-Margret","nm0000268","average",False,1996,1998,1998
"Swoosie Kurtz","nm0001436","good",True,1977,1977,1977
"Stephen Fry","nm0000410","average",True,2016,2016,2016
"Barbara Bain","nm0000828","average",False,2003,2008,2008
"Jane Fonda","nm0000404","bad",True,1986,1987,1987
"Bud Cort","nm0001069","bad",True,1980,1980,1980
"Nana Visitor","nm0000684","bad",False,2007,2007,2007
"Chow Yun-Fat","nm0000334","bad",True,2009,2009,2009
"Mel Gibson","nm0000154","bad",True,1980,1980,1980
"Clint Eastwood","nm0000142","average",True,1972,1972,1972
"Gary Busey","nm0000997","good",True,1987,1987,1987
"Ron Howard","nm0000165","average",True,1974,1974,1974
"Jane Birkin","nm0000945","good",True,1982,1982,1982
"Dabney Coleman","nm0001056","bad",True,2005,2005,2005
"James Cromwell","nm0000342","good",True,2014,2014,2014
"Irene Jacob","nm0001393","average",True,1995,2000,2000
"Virginie Ledoyen","nm0001461","bad",True,2017,2017,2017
"Steven Berkoff","nm0000925","average",False,1982,1982,1982
"Jim Carrey","nm0000120","bad",False,2012,2012,2012
"Ben Chaplin","nm0001035","average",True,2001,2001,2001
"Brandon Lee","nm0000488","good",True,1994,1994,1994
"John Landis","nm0000484","average",False,1986,1989,1989
"Willem Dafoe","nm0000353","star",True,1986,1986,1986
"Jeff Bridges","nm0000313","bad",False,1977,1977,1977
"Jane Birkin","nm0000945","bad",True,1983,1985,1985
"Kate Mulgrew","nm0000550","average",True,1987,1987,1987
"Bai Ling","nm0000499","bad",True,2010,2011,2011
"Sean Connery","nm0000125","bad",True,2012,2012,2012
"Paul Lynde","nm0001489","good",False,1976,1977,1977
"John Lithgow","nm0001475","average",False,1973,1975,1975
"Helen Hunt","nm0000166","bad",False,2015,2016,2016
"Robert Redford","nm0000602","good",True,1984,1985,1985
"Anthony Michael Hall","nm0001309","bad",True,2017,2017,2017
"Natalie Portman","nm0000204","bad",True,2005,2005,2005
"Dyan Cannon","nm0001007","good",True,1973,1973,1973
"Yaphet Kotto","nm0001433","good",True,1978,1978,1978
"Isabella Rossellini","nm0000618","average",True,2015,2015,2015
"Pamela Anderson","nm0000097","bad",False,2004,2007,2007
"Jessica Lange","nm0001448","good",True,1999,1999,1999
"Alan Parker","nm0000570","good",True,2003,2003,2003
"Cuba Gooding Jr.","nm0000421","average",True,1989,1989,1989
"Chevy Chase","nm0000331","average",True,2002,2002,2002
"Graham Chapman","nm0001037","bad",False,1984,2011,2011
"Richard Gere","nm0000152","average",True,1975,1977,1977
"Scott Baio","nm0000281","bad",True,1982,1982,1982
"Jane Badler","nm0000826","bad",True,2019,2019,2019
"Colin Firth","nm0000147","average",True,1992,1993,1993
"Greta Scacchi","nm0000627","average",True,1996,1996,1996
"R. Lee Ermey","nm0000388","bad",False,2007,2007,2007
"Lisa Kudrow","nm0001435","bad",True,1991,1992,1992
"Jason Beghe","nm0000892","good",False,1992,1993,1993
"Lee Marvin","nm0001511","bad",True,1984,1984,1984
"Vince Vaughn","nm0000681","average",True,2018,2018,2018
"Stephen Fry","nm0000410","average",False,2017,2017,2017
"Hulk Hogan","nm0001356","bad",True,1996,1996,1996
"Scott Glenn","nm0001277","bad",False,1994,1994,1994
"Heather Langenkamp","nm0000486","good",True,1983,1984,1984
"Eddie Murphy","nm0000552","good",True,1988,1988,1988
"Rupert Everett","nm0000391","good",True,1998,1998,1998
"Michael Keaton","nm0000474","average",True,2019,2019,2019
"Brendan Fraser","nm0000409","good",True,1991,1991,1991
"Mel Gibson","nm0000154","average",True,2016,2016,2016
"Bryan Brown","nm0000986","bad",False,1993,1995,1995
"Shelley Duvall","nm0001167","average",True,1987,1987,1987
"Kathleen Quinlan","nm0000599","bad",True,2008,2008,2008
"Skeet Ulrich","nm0000240","bad",True,2001,2001,2001
"Stephen Dorff","nm0001151","good",True,2007,2008,2008
"David Strathairn","nm0000657","good",True,2020,2020,2020
"Mark Hamill","nm0000434","bad",True,1997,2000,2000
"Fred Savage","nm0000625","bad",False,2005,2017,2017
"William Fichtner","nm0001209","good",False,2003,2003,2003
"Raymond Burr","nm0000994","bad",False,1981,1981,1981
"Carol Kane","nm0001406","good",True,1979,1979,1979
"Cher","nm0000333","average",False,2000,2002,2002
"Penny Marshall","nm0001508","average",False,1992,1992,1992
"Robin Williams","nm0000245","bad",False,2012,2012,2012
"Marty Feldman","nm0001204","average",True,1975,1975,1975
"Virginia Madsen","nm0000515","bad",True,2007,2011,2011
"Jeff Goldblum","nm0000156","average",True,2018,2018,2018
"Alec Guinness","nm0000027","average",True,1995,1995,1995
"Daryl Hannah","nm0000435","bad",True,2006,2009,2009
"Willem Dafoe","nm0000353","good",True,1985,1985,1985
"Raul Julia","nm0000471","average",True,1987,1987,1987
"Johnny Depp","nm0000136","star",True,1986,1986,1986
"Carey Lowell","nm0000508","bad",True,1986,1988,1988
"Beverly D'Angelo","nm0000350","good",True,1983,1983,1983
"James Caan","nm0001001","average",True,1996,1996,1996
"Dan Aykroyd","nm0000101","bad",True,1990,1990,1990
"Tom Arnold","nm0000792","average",True,1997,1997,1997
"Uma Thurman","nm0000235","bad",True,2005,2006,2006
"Linden Ashby","nm0000798","good",False,2014,2015,2015
"Dustin Hoffman","nm0000163","good",True,1970,1971,1971
"Joss Ackland","nm0000722","average",True,1991,1992,1992
"Natalie Wood","nm0000081","bad",True,1975,1975,1975
"James Stewart","nm0000071","bad",True,1977,1978,1978
"Robert Hays","nm0001332","average",False,1986,1987,1987
"Jack Lemmon","nm0000493","bad",False,1987,1988,1988
"Robert Forster","nm0001233","average",True,2016,2016,2016
"Hector Elizondo","nm0001185","bad",True,2006,2007,2007
"Pete Postlethwaite","nm0000592","average",True,1992,1992,1992
"Ingrid Bergman","nm0000006","bad",True,1976,1976,1976
"Courteney Cox","nm0001073","bad",True,1987,1988,1988
"Ellen Burstyn","nm0000995","average",True,2007,2007,2007
"Kathy Baker","nm0000834","good",False,1991,1991,1991
"Susan Anton","nm0000772","bad",True,1982,1982,1982
"Marlon Brando","nm0000008","average",True,1997,1997,1997
"Blythe Danner","nm0001100","average",False,1984,1985,1985
"Jodie Foster","nm0000149","average",True,1999,1999,1999
"Valeria Golino","nm0000420","average",True,2005,2006,2006
"Stephen King","nm0000175","bad",False,2008,2011,2011
"Brendan Fraser","nm0000409","good",True,2004,2004,2004
"Jennifer Ehle","nm0000383","good",True,2019,2019,2019
"Powers Boothe","nm0000959","average",True,1985,1985,1985
"David Carradine","nm0001016","bad",True,1972,1972,1972
"Alan Alda","nm0000257","bad",False,1999,1999,1999
"Bill Paxton","nm0000200","bad",False,1999,1999,1999
"George Lucas","nm0000184","good",False,1998,2004,2004
"Lee Marvin","nm0001511","good",True,1980,1980,1980
"Larry Hagman","nm0001306","bad",True,1970,1970,1970
"Liam Neeson","nm0000553","good",True,1981,1981,1981
"Piper Laurie","nm0001453","average",True,2010,2010,2010
"Michelle Johnson","nm0001400","bad",False,2001,2003,2003
"Tim Allen","nm0000741","bad",False,1998,1998,1998
"Mia Farrow","nm0001201","good",True,1978,1978,1978
"Pamela Anderson","nm0000097","average",True,2018,2018,2018
"Illeana Douglas","nm0001152","average",False,2012,2012,2012
"Ralph Macchio","nm0001494","average",True,2014,2014,2014
"Ethan Hawke","nm0000160","star",False,1996,1996,1996
"Clint Eastwood","nm0000142","bad",True,1982,1982,1982
"William H. Macy","nm0000513","average",True,2002,2002,2002
"Alice Krige","nm0000481","average",False,2003,2003,2003
"Robert Englund","nm0000387","bad",True,2003,2003,2003
"Brian Keith","nm0001417","bad",False,1990,1992,1992
"Kris Kristofferson","nm0001434","bad",False,2015,2015,2015
"Christopher Lloyd","nm0000502","bad",True,1999,1999,1999
"Ellen DeGeneres","nm0001122","average",True,1999,1999,1999
"Jennifer Ehle","nm0000383","good",False,2013,2013,2013
"Ellen Barkin","nm0000289","bad",True,1991,1991,1991
"James Cromwell","nm0000342","bad",True,1981,1981,1981
"Nicole Eggert","nm0001176","bad",True,2000,2000,2000
"Donald Sutherland","nm0000661","average",True,1986,1986,1986
"Jonathan Frakes","nm0000408","average",True,1998,1998,1998
"Ed Begley Jr.","nm0000893","good",False,1975,1975,1975
"Teri Hatcher","nm0000159","bad",True,1996,1996,1996
"Joan Cusack","nm0000349","good",True,2009,2009,2009
"Emmanuelle Beart","nm0000322","bad",True,2004,2006,2006
"Eva Gabor","nm0001247","average",False,1980,1986,1986
"Jane Birkin","nm0000945","average",False,1996,1996,1996
"Jeffrey Combs","nm0001062","average",True,1990,1990,1990
"Charles Durning","nm0001164","average",True,2000,2000,2000
"Elias Koteas","nm0000480","average",True,2011,2011,2011
"Morgan Freeman","nm0000151","good",True,1997,1997,1997
"Billy Bob Thornton","nm0000671","good",True,1992,1993,1993
"Debi Mazar","nm0000529","average",False,2016,2016,2016
"Billy Campbell","nm0001004","average",False,2011,2011,2011
"Al Pacino","nm0000199","bad",True,2011,2011,2011
"Matthew Broderick","nm0000111","average",True,2015,2015,2015
"Elijah Wood","nm0000704","good",True,2005,2005,2005
"Billy Zane","nm0000708","bad",True,1991,1991,1991
"Julie Andrews","nm0000267","bad",False,1987,1990,1990
"Marcia Gay Harden","nm0001315","average",True,1991,1992,1992
"John Candy","nm0001006","bad",True,1975,1976,1976
"Robin Tunney","nm0000677","bad",False,1993,1994,1994
"Cuba Gooding Jr.","nm0000421","bad",True,2018,2018,2018
"Josh Brolin","nm0000982","bad",True,1999,2000,2000
"Mariel Hemingway","nm0000446","bad",True,1994,1994,1994
"Roger Corman","nm0000339","bad",True,1984,1984,1984
"Abel Ferrara","nm0001206","average",True,2009,2009,2009
"Alexis Arquette","nm0000793","average",True,1989,1989,1989
"Richard Dreyfuss","nm0000377","good",False,1976,1976,1976
"Annabeth Gish","nm0001272","bad",False,2012,2014,2014
"Richard Dreyfuss","nm0000377","bad",False,2005,2005,2005
"Richard Crenna","nm0001077","good",True,1972,1972,1972
"Jean Reno","nm0000606","bad",True,2011,2012,2012
"Jackie Chan","nm0000329","bad",True,2013,2013,2013
"Joan Chen","nm0001040","average",False,2013,2013,2013
"Jim Carrey","nm0000120","bad",False,2017,2019,2019
"Judd Nelson","nm0000555","bad",True,2003,2006,2006
"Ernest Borgnine","nm0000308","bad",True,2010,2011,2011
"Ralph Macchio","nm0001494","average",False,2015,2016,2016
"Sean Young","nm0000707","average",True,1984,1984,1984
"Michael Biehn","nm0000299","bad",True,2019,2020,2020
"Michelle Forbes","nm0000405","bad",False,2014,2014,2014
"Heather Graham","nm0001287","bad",True,2004,2008,2008
"David Thewlis","nm0000667","average",True,1999,2001,2001
"Sally Kirkland","nm0000476","average",True,1975,1976,1976
"Charlton Heston","nm0000032","good",True,1994,1994,1994
"Patsy Kensit","nm0000475","good",True,1989,1989,1989
"Joan Collins","nm0001058","bad",False,2018,2019,2019
"Mel Brooks","nm0000316","average",True,2018,2018,2018
"Richard Dreyfuss","nm0000377","average",False,2011,2012,2012
"Kate Beckinsale","nm0000295","bad",True,2018,2018,2018
"David Thewlis","nm0000667","good",True,2007,2010,2010
"Jack Nicholson","nm0000197","good",True,2007,2007,2007
"Swoosie Kurtz","nm0001436","bad",True,1999,2001,2001
"Miguel Ferrer","nm0001208","good",True,2000,2000,2000
"Kim Basinger","nm0000107","bad",True,1986,1988,1988
"Denholm Elliott","nm0001186","bad",True,1975,1975,1975
"Neve Campbell","nm0000117","bad",False,2009,2010,2010
"Swoosie Kurtz","nm0001436","good",True,2009,2009,2009
"Peter O'Toole","nm0000564","bad",False,1977,1977,1977
"Don Ameche","nm0000747","good",True,1983,1983,1983
"Timothy Dalton","nm0001096","bad",False,2002,2002,2002
"Lea Thompson","nm0000670","bad",False,2003,2004,2004
"Toni Collette","nm0001057","average",True,2005,2005,2005
"Robert Duvall","nm0000380","good",True,1997,1997,1997
"Laurence Olivier","nm0000059","bad",False,1982,1982,1982
"Chris Tucker","nm0000676","average",False,2002,2006,2006
"John Lynch","nm0001487","average",True,1995,1998,1998
"Fred Savage","nm0000625","average",True,1989,1989,1989
"Carey Lowell","nm0000508","bad",True,1990,1990,1990
"Erin Gray","nm0001292","bad",True,2014,2014,2014
"Dennis Hopper","nm0000454","average",False,1988,1988,1988
"John Cusack","nm0000131","good",True,1984,1985,1985
"Hal Holbrook","nm0001358","bad",True,2008,2008,2008
"Bill Cosby","nm0001070","bad",False,1997,2003,2003
"Christopher Walken","nm0000686","bad",True,2016,2017,2017
"Patrick Dempsey","nm0001131","average",True,1989,1990,1990
"Michael Gough","nm0001284","average",False,2000,2004,2004
"Charles Dance","nm0001097","average",True,1992,1994,1994
"Will Smith","nm0000226","bad",True,2013,2013,2013
"Meg Ryan","nm0000212","bad",False,1984,1985,1985
"Renee Zellweger","nm0000250","good",True,2005,2005,2005
"Michael Biehn","nm0000299","average",True,1987,1987,1987
"Robyn Lively","nm0001477","bad",False,2009,2009,2009
"Richard Basehart","nm0000865","average",False,1973,1975,1975
"Caroline Aaron","nm0000715","bad",True,2009,2011,2011
"Lee Marvin","nm0001511","average",False,1982,1982,1982
"Frank Oz","nm0000568","star",True,2015,2015,2015
"Balthazar Getty","nm0001267","average",True,2001,2001,2001
"DeForest Kelley","nm0001420","average",True,1984,1984,1984
"Simon Callow","nm0001003","average",True,2007,2007,2007
"Graham Chapman","nm0001037","star",False,1980,1981,1981
"Liam Neeson","nm0000553","good",True,1996,1996,1996
"Jennifer Beals","nm0000884","bad",True,2000,2002,2002
"Martha Plimpton","nm0000588","good",True,2011,2011,2011
"Brian Blessed","nm0000306","good",False,2000,2002,2002
"Marcia Gay Harden","nm0001315","average",False,1993,1993,1993
"Matt Frewer","nm0001242","bad",True,1995,1996,1996
"Glenn Close","nm0000335","bad",True,2002,2004,2004
"Mary Stuart Masterson","nm0000524","bad",True,1990,1990,1990
"Shelley Duvall","nm0001167","average",False,1982,1986,1986
"Alain Delon","nm0001128","bad",True,1992,1994,1994
"Brad Davis","nm0001113","average",False,1983,1986,1986
"Jennifer Beals","nm0000884","bad",False,1989,1989,1989
"Bruce Dern","nm0001136","star",True,2012,2012,2012
"Brooke Adams","nm0000724","bad",True,2008,2008,2008
"Ralph Fiennes","nm0000146","good",True,1994,1996,1996
"Jim Jarmusch","nm0000464","average",False,1988,1988,1988
"Tea Leoni","nm0000495","average",True,1994,1996,1996
"Peter O'Toole","nm0000564","bad",True,1993,1993,1993
"Susan George","nm0001265","average",True,1970,1970,1970
"Veronica Cartwright","nm0001021","average",False,1976,1977,1977
"Anthony Hopkins","nm0000164","bad",True,1988,1990,1990
"Richard Jaeckel","nm0001395","bad",True,1989,1990,1990
"Lindsay Crouse","nm0001080","good",True,1984,1984,1984
"Beatrice Dalle","nm0001095","bad",True,2007,2009,2009
"Noah Hathaway","nm0000441","bad",False,2015,2015,2015
"Bob Hoskins","nm0001364","bad",True,2003,2003,2003
"Phoebe Cates","nm0000121","average",True,1989,1990,1990
"Noah Baumbach","nm0000876","bad",True,1997,1997,1997
"Linda Hamilton","nm0000157","bad",True,1986,1986,1986
"Sam Elliott","nm0000385","average",True,1970,1970,1970
"Ricki Lake","nm0001442","bad",True,1989,1989,1989
"Bill Pullman","nm0000597","average",True,1988,1988,1988
"Jeffrey Combs","nm0001062","average",False,1984,1984,1984
"Jennifer Beals","nm0000884","bad",True,2004,2006,2006
"Queen Latifah","nm0001451","average",True,1993,1993,1993
"Tina Louise","nm0001481","bad",False,1992,1996,1996
"Patrick Bergin","nm0000920","bad",True,1996,1996,1996
"Ricki Lake","nm0001442","average",True,2007,2007,2007
"James Garner","nm0001258","good",False,2005,2005,2005
"Gabriel Byrne","nm0000321","bad",True,1986,1989,1989
"Kris Kristofferson","nm0001434","bad",True,2013,2014,2014
"Angie Dickinson","nm0001141","average",False,1982,1986,1986
"Ernest Borgnine","nm0000308","bad",False,1985,1987,1987
"Lillo Brancato","nm0000969","bad",True,2005,2005,2005
"Giovanni Ribisi","nm0000610","average",True,2015,2015,2015
"George Dzundza","nm0001169","bad",True,1984,1984,1984
"Jim Carrey","nm0000120","bad",True,1983,1985,1985
"Alan Bates","nm0000869","average",True,1979,1982,1982
"Michael Dorn","nm0000373","good",True,2012,2012,2012
"John Carpenter","nm0000118","good",True,1988,1988,1988
"Barbara Bach","nm0000819","bad",True,1975,1975,1975
"Charlton Heston","nm0000032","bad",False,1991,1992,1992
"Casey Affleck","nm0000729","average",True,2001,2002,2002
"Amanda Donohoe","nm0000372","bad",True,2009,2009,2009
"Noah Hathaway","nm0000441","bad",True,1980,1982,1982
"Bette Davis","nm0000012","bad",True,1971,1971,1971
"William H. Macy","nm0000513","average",True,2014,2014,2014
"Anthony Andrews","nm0000762","good",False,2011,2018,2018
"Tina Louise","nm0001481","bad",True,1991,1991,1991
"Jeremy Davies","nm0001111","good",True,2003,2003,2003
"Beau Bridges","nm0000977","bad",False,1985,1986,1986
"William Katt","nm0001411","average",False,1986,1987,1987
"Heather Graham","nm0001287","bad",True,2000,2000,2000
"Peter O'Toole","nm0000564","good",True,2006,2008,2008
"Ellen Barkin","nm0000289","good",True,1982,1982,1982
"Anne Heche","nm0000162","bad",True,1994,1996,1996
"Brad Davis","nm0001113","good",True,1978,1978,1978
"Burt Reynolds","nm0000608","bad",True,2011,2011,2011
"Leonardo DiCaprio","nm0000138","star",True,2012,2012,2012
"Tupac Shakur","nm0000637","average",False,1995,1995,1995
"Jennifer Beals","nm0000884","good",True,1980,1980,1980
"Steven Bauer","nm0000874","average",True,1989,1989,1989
"Richard E. Grant","nm0001290","bad",False,2007,2007,2007
"Ed Begley Jr.","nm0000893","bad",True,1976,1976,1976
"Bette Midler","nm0000541","bad",True,2019,2020,2020
"Steve Buscemi","nm0000114","average",True,1996,2000,2000
"Michael Jackson","nm0001391","bad",False,1979,1987,1987
"Albert Finney","nm0001215","good",True,2003,2003,2003
"Pamela Anderson","nm0000097","bad",True,2015,2017,2017
"Bobcat Goldthwait","nm0001281","good",True,1997,1997,1997
"Ben Chaplin","nm0001035","average",False,2018,2018,2018
"William Shatner","nm0000638","average",True,1993,1994,1994
"Caroline Aaron","nm0000715","bad",True,2000,2001,2001
"Jean-Paul Belmondo","nm0000901","average",True,1982,1985,1985
"Diane Lane","nm0000178","average",False,2007,2007,2007
"Jane Fonda","nm0000404","good",False,2016,2016,2016
"Don Cheadle","nm0000332","good",False,2014,2014,2014
"John C. Reilly","nm0000604","average",True,1994,1994,1994
"Christopher Lloyd","nm0000502","average",True,1993,1995,1995
"Bill Pullman","nm0000597","average",True,2005,2005,2005
"John Hurt","nm0000457","average",True,1997,1997,1997
"Jean Reno","nm0000606","bad",True,2002,2002,2002
"Patricia Arquette","nm0000099","bad",True,2000,2000,2000
"Ron Howard","nm0000165","good",True,1973,1973,1973
"Jane Alexander","nm0000737","good",True,1976,1976,1976
"Michael Biehn","nm0000299","average",True,1997,1997,1997
"Lesley Ann Warren","nm0000690","bad",True,2018,2020,2020
"Martin Sheen","nm0000640","bad",False,2020,2020,2020
"Penny Marshall","nm0001508","bad",False,1989,1990,1990
"Angelina Jolie","nm0001401","average",True,2000,2001,2001
"Jeff Daniels","nm0001099","average",True,1986,1986,1986
"Rosalind Chao","nm0001034","bad",True,1983,1983,1983
"John Gielgud","nm0000024","good",True,1982,1982,1982
"Jackie Gleason","nm0001276","bad",False,1978,1979,1979
"Madonna","nm0000187","bad",True,1979,1979,1979
"Tim Allen","nm0000741","bad",True,2009,2009,2009
"Bob Balaban","nm0000837","average",False,1976,1976,1976
"Melissa Sue Anderson","nm0000757","bad",False,2009,2013,2013
"Bruce Willis","nm0000246","bad",True,2011,2015,2015
"Malcolm McDowell","nm0000532","bad",True,2004,2006,2006
"Gene Hackman","nm0000432","average",True,1993,1995,1995
"Jim Brown","nm0000987","bad",True,1970,1970,1970
"Yaphet Kotto","nm0001433","bad",True,1989,1989,1989
"Miguel Ferrer","nm0001208","good",False,2001,2001,2001
"George Kennedy","nm0001421","average",False,1995,1996,1996
"Benicio Del Toro","nm0001125","good",False,2016,2016,2016
"Kevin Bacon","nm0000102","bad",False,2017,2019,2019
"Christopher Guest","nm0001302","good",True,1984,1984,1984
"Benicio Del Toro","nm0001125","average",False,2009,2009,2009
"Bonnie Bedelia","nm0000889","bad",True,1994,1994,1994
"Kate Mulgrew","nm0000550","average",False,1986,1986,1986
"Cary Elwes","nm0000144","average",True,1996,2000,2000
"Ed Begley Jr.","nm0000893","bad",True,1973,1973,1973
"Jason Scott Lee","nm0001462","bad",True,2005,2008,2008
"Bodhi Elfman","nm0001183","bad",True,2006,2006,2006
"Madeleine Stowe","nm0000656","good",True,1995,1995,1995
"Elizabeth Taylor","nm0000072","bad",True,1994,1994,1994
"Clancy Brown","nm0000317","bad",True,1989,1992,1992
"Peter Coyote","nm0001075","bad",True,1984,1984,1984
"Mary Stuart Masterson","nm0000524","average",True,1996,1997,1997
"Michael Biehn","nm0000299","bad",False,2003,2004,2004
"Gabriel Byrne","nm0000321","average",True,2012,2013,2013
"Anthony Michael Hall","nm0001309","bad",False,1989,1989,1989
"Brigitte Nielsen","nm0000557","bad",False,2015,2017,2017
"Reese Witherspoon","nm0000702","average",True,2004,2007,2007
"Gerard Depardieu","nm0000367","bad",True,2013,2017,2017
"Harvey Keitel","nm0000172","bad",True,2016,2016,2016
"Chris Isaak","nm0001389","average",False,1989,1990,1990
"Courteney Cox","nm0001073","bad",False,2007,2007,2007
"Wayne Knight","nm0001431","star",False,1994,1994,1994
"Dennis Hopper","nm0000454","average",False,1974,1975,1975
"Ian Holm","nm0000453","average",True,1999,2001,2001
"James Coburn","nm0000336","bad",True,1970,1970,1970
"Phoebe Cates","nm0000121","average",True,2001,2001,2001
"Al Pacino","nm0000199","bad",True,1977,1977,1977
"Michael Caine","nm0000323","average",True,2007,2007,2007
"Matthew Lillard","nm0000498","bad",False,2005,2005,2005
"Chris Eigeman","nm0001177","good",False,1991,1993,1993
"Joan Blondell","nm0000951","bad",True,1970,1970,1970
"Yaphet Kotto","nm0001433","good",False,1981,1981,1981
"Mili Avital","nm0000815","average",True,2015,2015,2015
"Rupert Everett","nm0000391","average",False,2017,2017,2017
"F. Murray Abraham","nm0000719","good",True,2018,2018,2018
"Udo Kier","nm0001424","bad",False,1984,1984,1984
"Josh Brolin","nm0000982","bad",False,1998,1998,1998
"Corey Feldman","nm0000397","bad",True,2003,2004,2004
"Arnold Schwarzenegger","nm0000216","bad",False,2018,2018,2018
"Sean Bean","nm0000293","good",False,1991,1991,1991
"Divine","nm0001145","average",True,1988,1988,1988
"Miguel Ferrer","nm0001208","bad",True,1997,1998,1998
"Malcolm McDowell","nm0000532","average",True,1987,1987,1987
"Ted Danson","nm0001101","average",True,1998,1999,1999
"Billy Campbell","nm0001004","bad",False,1983,1990,1990
"David Duchovny","nm0000141","bad",False,2003,2003,2003
"Adrienne Barbeau","nm0000105","star",False,1983,1983,1983
"Gerard Depardieu","nm0000367","good",True,2009,2009,2009
"Danny Elfman","nm0000384","average",True,2005,2005,2005
"Gary Oldman","nm0000198","star",True,2012,2012,2012
"Ice Cube","nm0001084","bad",False,2003,2003,2003
"Dyan Cannon","nm0001007","bad",False,1999,2002,2002
"Jane Birkin","nm0000945","average",True,2007,2007,2007
"Alyssa Milano","nm0000192","bad",True,2010,2011,2011
"C. Thomas Howell","nm0001367","bad",True,1986,1987,1987
"Sylvester Stallone","nm0000230","average",True,1985,1985,1985
"Isabelle Huppert","nm0001376","good",True,2016,2016,2016
"Ernie Hudson","nm0001368","average",True,2005,2005,2005
"Vincent D'Onofrio","nm0000352","bad",False,2007,2007,2007
"Don Johnson","nm0000467","average",False,1983,1984,1984
"Donald Sutherland","nm0000661","average",True,2011,2011,2011
"Jeff Fahey","nm0001194","average",True,2015,2015,2015
"Annette Bening","nm0000906","average",False,2005,2005,2005
"Liv Tyler","nm0000239","average",True,1995,1999,1999
"Mike Myers","nm0000196","bad",True,1998,1998,1998
"Jim Broadbent","nm0000980","star",True,2011,2011,2011
"Steve Guttenberg","nm0000430","bad",False,2003,2004,2004
"Amanda Donohoe","nm0000372","bad",True,2018,2018,2018
"Richard Donner","nm0001149","average",True,2006,2006,2006
"Hugh Grant","nm0000424","average",True,2000,2002,2002
"Jackie Gleason","nm0001276","bad",True,1986,1986,1986
"Richard Kiel","nm0001423","bad",True,1981,1981,1981
"Richard E. Grant","nm0001290","bad",True,2004,2004,2004
"Debra Winger","nm0000700","bad",False,2013,2013,2013
"Hector Elizondo","nm0001185","average",True,2001,2001,2001
"Michelle Yeoh","nm0000706","average",False,1995,1995,1995
"Stephen Fry","nm0000410","average",True,1994,1994,1994
"Harold Ramis","nm0000601","good",True,1984,1984,1984
"Nicole Kidman","nm0000173","average",True,2017,2019,2019
"Matthew Broderick","nm0000111","good",False,2001,2002,2002
"Barbara Bain","nm0000828","bad",True,1989,1990,1990
"Keith Carradine","nm0001018","average",True,1996,1997,1997
"Kevin Anderson","nm0000754","average",True,2006,2006,2006
"Nicole Kidman","nm0000173","bad",False,1987,1987,1987
"Dan Hedaya","nm0000445","good",True,2016,2016,2016
"Catherine Deneuve","nm0000366","average",True,1981,1981,1981
"Nick Nolte","nm0000560","average",False,1988,1988,1988
"Harry Carey Jr.","nm0001013","average",True,1984,1984,1984
"Sigourney Weaver","nm0000244","average",True,1999,1999,1999
"Jonathan Pryce","nm0000596","good",True,2006,2007,2007
"Cynthia Gibb","nm0001269","bad",True,2009,2009,2009
"Fairuza Balk","nm0000103","average",True,2002,2002,2002
"Vivica A. Fox","nm0000407","bad",True,2001,2002,2002
"Robert De Niro","nm0000134","bad",True,1992,1992,1992
"Joe Mantegna","nm0001505","bad",False,1997,1997,1997
"Jim Carrey","nm0000120","bad",True,2011,2011,2011
"Udo Kier","nm0001424","bad",True,1980,1980,1980
"Paul Hogan","nm0001357","bad",True,1994,1994,1994
"Edward Furlong","nm0000411","average",True,1994,1996,1996
"John Travolta","nm0000237","average",True,2012,2012,2012
"Kelly LeBrock","nm0001456","average",True,2015,2015,2015
"F. Murray Abraham","nm0000719","bad",False,2005,2005,2005
"Jennifer Jason Leigh","nm0000492","bad",True,2014,2014,2014
"Tim Matheson","nm0001513","bad",True,1998,2000,2000
"Queen Latifah","nm0001451","average",True,2009,2009,2009
"Judi Dench","nm0001132","bad",True,2009,2009,2009
"Eric Stoltz","nm0000655","average",True,2006,2006,2006
"Liam Neeson","nm0000553","good",True,2016,2016,2016
"Russell Crowe","nm0000128","star",True,1997,1997,1997
"Peter Gallagher","nm0001251","average",True,1990,1991,1991
"Jim Belushi","nm0000902","average",True,1993,1993,1993
"Donald Pleasence","nm0000587","bad",True,1995,1996,1996
"Ice Cube","nm0001084","average",True,2020,2020,2020
"Neve Campbell","nm0000117","good",True,1996,1996,1996
"John Lithgow","nm0001475","bad",True,1985,1985,1985
"Ice Cube","nm0001084","bad",False,2018,2019,2019
"Josh Brolin","nm0000982","average",True,2014,2014,2014
"Jason Patric","nm0000574","bad",True,1997,1997,1997
"Robert Sean Leonard","nm0000494","average",True,2004,2004,2004
"Courteney Cox","nm0001073","bad",True,2004,2004,2004
"Rupert Everett","nm0000391","average",True,2005,2005,2005
"Tom Hulce","nm0001371","good",True,1993,1993,1993
"Claudine Auger","nm0000805","average",True,1992,1992,1992
"Cuba Gooding Jr.","nm0000421","good",True,2007,2007,2007
"Orson Welles","nm0000080","good",True,1986,1986,1986
"Nana Visitor","nm0000684","bad",True,2011,2011,2011
"Billy Crystal","nm0000345","average",True,1991,1991,1991
"Samuel L. Jackson","nm0000168","average",True,2010,2011,2011
"Keith Carradine","nm0001018","average",True,2001,2002,2002
"Helena Bonham Carter","nm0000307","good",True,2009,2010,2010
"Alfred Molina","nm0000547","good",True,2009,2009,2009
"Martin Scorsese","nm0000217","bad",True,1972,1972,1972
"Fairuza Balk","nm0000103","average",True,1988,1989,1989
"Mathilda May","nm0000528","bad",False,2001,2006,2006
"Scott Glenn","nm0001277","good",False,1986,1986,1986
"Jill Clayburgh","nm0001049","average",False,2002,2005,2005
"Bud Cort","nm0001069","bad",False,1989,1989,1989
"Jon Lovitz","nm0001484","average",True,2015,2015,2015
"Matt Frewer","nm0001242","good",False,2012,2013,2013
"James Brolin","nm0000981","star",True,2002,2002,2002
"Robert Duncan McNeill","nm0000536","bad",False,1988,2001,2001
"Pamela Anderson","nm0000097","bad",False,2009,2009,2009
"Charles Durning","nm0001164","average",True,1986,1986,1986
"Robert Redford","nm0000602","average",False,1991,1991,1991
"Sophie Marceau","nm0000521","average",False,2006,2006,2006
"Rob Lowe","nm0000507","average",True,1999,1999,1999
"Johnny Depp","nm0000136","bad",True,2010,2010,2010
"Tcheky Karyo","nm0001409","average",False,1993,1993,1993
"Sissy Spacek","nm0000651","average",True,2018,2018,2018
"Jenny McCarthy","nm0000189","bad",False,2007,2007,2007
"Anne Heche","nm0000162","average",True,2010,2011,2011
"Loni Anderson","nm0000756","average",True,1989,1989,1989
"Woody Harrelson","nm0000437","good",True,2006,2006,2006
"Madeleine Stowe","nm0000656","average",True,1981,1981,1981
"Caroline Aaron","nm0000715","average",True,1983,1984,1984
"Martin Scorsese","nm0000217","good",False,2012,2014,2014
"Michael Dorn","nm0000373","average",False,2004,2004,2004
"Mira Sorvino","nm0000227","bad",False,1986,1992,1992
"Dom DeLuise","nm0001123","bad",False,1995,1995,1995
"Cloris Leachman","nm0001458","good",True,1986,1986,1986
"Roberto Benigni","nm0000905","good",True,1986,1986,1986
"Judd Nelson","nm0000555","bad",True,1997,1997,1997
"John Glover","nm0001278","bad",True,2013,2013,2013
"Patrick Bergin","nm0000920","average",True,1992,1992,1992
"Quentin Tarantino","nm0000233","good",False,2005,2006,2006
"Fionnula Flanagan","nm0001217","bad",False,1994,1995,1995
"Vincent D'Onofrio","nm0000352","good",True,1997,1997,1997
"Mimi Rogers","nm0000211","bad",True,2009,2011,2011
"Christian Bale","nm0000288","good",True,2007,2007,2007
"Mark Hamill","nm0000434","good",True,2014,2015,2015
"Andrew Dice Clay","nm0001048","average",True,1986,1987,1987
"Cary Elwes","nm0000144","bad",True,2016,2019,2019
"John Belushi","nm0000004","bad",True,1979,1979,1979
"Jon Lovitz","nm0001484","bad",False,1995,1995,1995
"Cuba Gooding Jr.","nm0000421","good",True,2000,2000,2000
"Dennis Hopper","nm0000454","average",True,2018,2018,2018
"James Coburn","nm0000336","average",True,1985,1985,1985
"Fairuza Balk","nm0000103","bad",True,2005,2005,2005
"Alan Rickman","nm0000614","average",True,2001,2001,2001
"Chevy Chase","nm0000331","bad",False,1975,1975,1975
"Victoria Principal","nm0000595","bad",False,1975,1975,1975
"Mimi Rogers","nm0000211","bad",True,1983,1983,1983
"Ann-Margret","nm0000268","bad",False,2001,2001,2001
"Judy Davis","nm0001114","average",True,1998,1998,1998
"Tom Arnold","nm0000792","average",True,2007,2007,2007
"Andrew Dice Clay","nm0001048","bad",True,1997,2000,2000
"Geena Davis","nm0000133","average",False,1997,1998,1998
"Marg Helgenberger","nm0001339","bad",True,2008,2008,2008
"Molly Ringwald","nm0000208","average",True,1982,1982,1982
"Raymond J. Barry","nm0000855","average",True,2014,2014,2014
"Alan Alda","nm0000257","good",False,1994,1994,1994
"Lukas Haas","nm0001305","average",True,2007,2008,2008
"Asia Argento","nm0000782","bad",False,1987,1988,1988
"F. Murray Abraham","nm0000719","bad",True,1996,1997,1997
"Seth Green","nm0001293","good",True,2012,2012,2012
"Teri Hatcher","nm0000159","average",False,1998,1998,1998
"Jackie Coogan","nm0001067","bad",True,1983,1983,1983
"Billy Bob Thornton","nm0000671","bad",False,1987,1987,1987
"Mathilda May","nm0000528","average",True,1992,1992,1992
"Don Johnson","nm0000467","star",False,2013,2013,2013
"Nia Long","nm0000505","good",True,1997,1997,1997
"Tawny Kitaen","nm0000478","bad",True,2014,2014,2014
"Brad Dourif","nm0000374","bad",True,1977,1977,1977
"Fred Astaire","nm0000001","average",True,1974,1974,1974
"Mel Blanc","nm0000305","average",True,1983,1983,1983
"Holly Hunter","nm0000456","average",True,1995,1999,1999
"Wes Craven","nm0000127","good",True,2006,2006,2006
"Terry Jones","nm0001402","bad",True,2000,2000,2000
"John Heard","nm0001334","bad",False,2011,2011,2011
"Marlon Brando","nm0000008","average",True,1976,1976,1976
"Erin Gray","nm0001292","bad",True,2010,2012,2012
"Ellen Burstyn","nm0000995","good",True,2015,2015,2015
"Richard Benjamin","nm0000907","bad",True,2001,2001,2001
"Susan Anton","nm0000772","bad",True,2008,2008,2008
"Cher","nm0000333","average",True,2018,2018,2018
"Nicole Kidman","nm0000173","good",True,2016,2016,2016
"Kelly LeBrock","nm0001456","bad",False,1996,1997,1997
"John Ritter","nm0000615","average",True,2002,2003,2003
"Lesley-Anne Down","nm0001153","bad",True,2000,2002,2002
"Caroline Aaron","nm0000715","bad",True,1998,1998,1998
"Rose McGowan","nm0000535","good",True,1996,1996,1996
"Asia Argento","nm0000782","bad",True,2005,2007,2007
"Dominique Swain","nm0000663","bad",False,2005,2005,2005
"Mark Hamill","nm0000434","bad",False,2004,2004,2004
"Martin Landau","nm0001445","average",False,1986,1986,1986
"Amy Irving","nm0001388","bad",False,2006,2008,2008
"Blythe Danner","nm0001100","average",True,2008,2008,2008
"James Woods","nm0000249","average",True,1972,1972,1972
"Tom Hanks","nm0000158","bad",False,1981,1983,1983
"Keith Carradine","nm0001018","bad",True,2008,2009,2009
"Piper Laurie","nm0001453","good",True,1976,1976,1976
"Lauren Holly","nm0000452","bad",True,2009,2009,2009
"Renny Harlin","nm0001317","bad",True,1995,1995,1995
"Greta Scacchi","nm0000627","bad",True,2018,2019,2019
"David Bowie","nm0000309","bad",False,2007,2007,2007
"Ally Sheedy","nm0000639","bad",False,1994,1994,1994
"Tom Cruise","nm0000129","average",True,2012,2013,2013
"Dean Martin","nm0001509","bad",True,1971,1971,1971
"Nathalie Baye","nm0000882","bad",True,1985,1985,1985
"Jeff Bridges","nm0000313","good",True,1993,1993,1993
"Swoosie Kurtz","nm0001436","bad",False,1985,1985,1985
"Dana Carvey","nm0001022","good",True,2017,2017,2017
"Milton Berle","nm0000926","good",True,1984,1984,1984
"Megan Follows","nm0001227","average",False,2005,2006,2006
"Holly Hunter","nm0000456","average",True,1991,1991,1991
"Elizabeth Hurley","nm0000167","average",True,1998,1998,1998
"Bette Davis","nm0000012","average",True,1980,1980,1980
"Dabney Coleman","nm0001056","bad",True,2016,2016,2016
"Sally Kellerman","nm0001419","bad",True,1993,1994,1994
"Brion James","nm0001397","bad",True,1977,1978,1978
"Carla Gugino","nm0001303","bad",False,1999,2000,2000
"Simon Callow","nm0001003","good",False,2000,2000,2000
"Ally Sheedy","nm0000639","bad",True,1987,1989,1989
"Keanu Reeves","nm0000206","good",True,1988,1988,1988
"Paula Abdul","nm0000716","average",False,1988,1990,1990
"Katherine Helmond","nm0001340","bad",True,2018,2018,2018
"Shelley Long","nm0001480","bad",True,1980,1981,1981
"Uma Thurman","nm0000235","star",False,1985,1986,1986
"Patrick Bergin","nm0000920","bad",False,2009,2009,2009
"Veronica Cartwright","nm0001021","bad",False,1993,1993,1993
"Matthew Modine","nm0000546","bad",True,2009,2010,2010
"Martin Lawrence","nm0001454","bad",False,2012,2018,2018
"Sarah Michelle Gellar","nm0001264","average",True,1997,1998,1998
"Jenny Agutter","nm0000256","average",True,2018,2018,2018
"Jim Carrey","nm0000120","bad",True,1995,1995,1995
"Maureen O'Hara","nm0000058","good",True,1971,1971,1971
"Ciaran Hinds","nm0001354","bad",True,2015,2015,2015
"Jennie Garth","nm0001259","bad",True,1996,1998,1998
"Albert Finney","nm0001215","good",True,2005,2005,2005
"Kathleen Quinlan","nm0000599","average",True,2006,2007,2007
"Nick Nolte","nm0000560","good",True,2007,2007,2007
"Hart Bochner","nm0000952","star",False,1989,1989,1989
"Alan Cumming","nm0001086","bad",True,2013,2013,2013
"Christina Applegate","nm0000775","average",True,2010,2010,2010
"Peter Cushing","nm0001088","bad",True,1979,1979,1979
"Pernilla August","nm0000278","good",True,1992,1992,1992
"Anthony Hopkins","nm0000164","average",True,2005,2006,2006
"Sandra Bernhard","nm0000928","bad",False,1999,1999,1999
"John Waters","nm0000691","average",True,2012,2012,2012
"Jennifer Aniston","nm0000098","average",False,2015,2015,2015
"Lee Majors","nm0000516","bad",True,2010,2011,2011
"Holly Hunter","nm0000456","average",True,2002,2003,2003
"Alain Delon","nm0001128","bad",False,1999,1999,1999
"Robert Picardo","nm0000585","bad",False,1995,1995,1995
"Meg Foster","nm0001236","bad",True,2016,2017,2017
"Mia Farrow","nm0001201","average",False,1975,1976,1976
"Elle Macpherson","nm0000512","bad",True,2001,2001,2001
"Carrie Fisher","nm0000402","average",True,2017,2017,2017
"Dennis Franz","nm0001240","good",False,1993,1995,1995
"Dennis Farina","nm0001199","bad",True,1993,1993,1993
"Dan Hedaya","nm0000445","good",True,1999,1999,1999
"Joan Allen","nm0000260","bad",True,2014,2014,2014
"Eric Idle","nm0001385","good",True,2010,2010,2010
"Orson Welles","nm0000080","bad",True,1987,1987,1987
"Virginie Ledoyen","nm0001461","bad",True,2008,2008,2008
"Ralph Bellamy","nm0000897","average",True,1977,1977,1977
"Kyle MacLachlan","nm0001492","average",True,2013,2013,2013
"James Cromwell","nm0000342","bad",False,1990,1991,1991
"Lolita Davidovich","nm0000357","good",False,2016,2017,2017
"Dermot Mulroney","nm0000551","bad",True,2018,2019,2019
"Dana Delany","nm0001127","average",True,1992,1992,1992
"George Clooney","nm0000123","bad",True,1999,1999,1999
"Sophia Loren","nm0000047","bad",False,1980,1989,1989
"Sean Penn","nm0000576","good",True,1995,1995,1995
"Sally Kellerman","nm0001419","average",True,2005,2005,2005
"Don Johnson","nm0000467","average",True,1985,1985,1985
"Kevin Dillon","nm0001143","good",True,1991,1992,1992
"Ned Beatty","nm0000885","average",True,2003,2003,2003
"Isabella Rossellini","nm0000618","average",True,2000,2000,2000
"James Cromwell","nm0000342","bad",True,1998,1998,1998
"Rosanna Arquette","nm0000275","average",True,2010,2010,2010
"John Cleese","nm0000092","good",True,1981,1982,1982
"Susan Sarandon","nm0000215","average",True,1994,1994,1994
"Veronica Cartwright","nm0001021","bad",True,2009,2011,2011
"Halle Berry","nm0000932","bad",True,2011,2011,2011
"Robert Englund","nm0000387","bad",True,2005,2005,2005
"Cameron Diaz","nm0000139","good",True,2004,2004,2004
"John Gielgud","nm0000024","bad",True,1972,1973,1973
"Nathan Lane","nm0001447","average",True,1991,1991,1991
"Christina Ricci","nm0000207","average",True,1990,1991,1991
"James Cromwell","nm0000342","average",True,1993,1993,1993
"Steven Bauer","nm0000874","average",True,1986,1986,1986
"Orson Welles","nm0000080","good",True,1980,1980,1980
"Ian Holm","nm0000453","star",True,1979,1979,1979
"Ingrid Bergman","nm0000006","average",True,1970,1970,1970
"Elias Koteas","nm0000480","average",False,1999,1999,1999
"Peter Falk","nm0000393","average",True,1995,1995,1995
"Brenda Bakke","nm0000283","bad",False,2018,2018,2018
"Robert Englund","nm0000387","good",False,1979,1980,1980
"David Hyde Pierce","nm0001383","good",True,2009,2009,2009
"Nathan Lane","nm0001447","bad",False,2014,2015,2015
"Mark Hamill","nm0000434","average",True,2001,2001,2001
"Bodhi Elfman","nm0001183","bad",False,2007,2019,2019
"Joe Mantegna","nm0001505","bad",True,2016,2016,2016
"John Carradine","nm0001017","average",True,1986,1986,1986
"Uma Thurman","nm0000235","average",True,2013,2013,2013
"Abel Ferrara","nm0001206","average",True,1981,1981,1981
"William Forsythe","nm0001235","average",True,1985,1985,1985
"Sarah Michelle Gellar","nm0001264","bad",True,1984,1984,1984
"Kevin Spacey","nm0000228","good",True,1998,1998,1998
"Mark Harmon","nm0001319","average",True,2000,2000,2000
"Wilford Brimley","nm0000979","bad",False,2004,2008,2008
"Isabella Rossellini","nm0000618","average",True,1996,1996,1996
"Dina Meyer","nm0000539","bad",False,2008,2008,2008
"Dan Futterman","nm0001246","average",False,1998,1999,1999
"Fionnula Flanagan","nm0001217","good",True,2011,2011,2011
"Ann-Margret","nm0000268","average",False,1974,1974,1974
"Alice Krige","nm0000481","bad",True,2017,2020,2020
"Angela Bassett","nm0000291","good",False,1994,1994,1994
"Gong Li","nm0000084","average",True,2002,2002,2002
"Lance Henriksen","nm0000448","bad",True,2000,2000,2000
"Giovanni Ribisi","nm0000610","bad",True,2001,2001,2001
"Adrienne Barbeau","nm0000105","bad",True,1989,1989,1989
"Bruce Davison","nm0001117","bad",True,2002,2002,2002
"Geena Davis","nm0000133","bad",False,2016,2016,2016
"C. Thomas Howell","nm0001367","bad",True,1993,2001,2001
"Cheech Marin","nm0001507","average",True,1987,1989,1989
"Marlon Brando","nm0000008","average",True,2001,2001,2001
"Charles S. Dutton","nm0001165","average",True,2012,2012,2012
"Jean-Paul Belmondo","nm0000901","good",True,1988,1988,1988
"Neve Campbell","nm0000117","bad",False,2005,2005,2005
"Hart Bochner","nm0000952","bad",False,1982,1983,1983
"Alan Bates","nm0000869","bad",True,1993,1993,1993
"Richard Beymer","nm0000937","bad",True,1992,1992,1992
"Jeff Bridges","nm0000313","good",True,2015,2016,2016
"Matthew Broderick","nm0000111","average",True,1990,1990,1990
"John Candy","nm0001006","bad",True,1988,1989,1989
"Liv Tyler","nm0000239","average",True,2004,2005,2005
"Kathy Ireland","nm0001387","bad",True,1988,1990,1990
"Paul Newman","nm0000056","average",True,1981,1981,1981
"Sophie Marceau","nm0000521","average",True,1989,1989,1989
"Eva Gabor","nm0001247","good",False,1971,1976,1976
"Dana Carvey","nm0001022","average",True,1990,1990,1990
"Marina Sirtis","nm0000642","bad",True,2009,2009,2009
"Eric Roberts","nm0000616","average",True,1978,1978,1978
"Dabney Coleman","nm0001056","good",True,1983,1983,1983
"Gary Oldman","nm0000198","bad",True,1982,1982,1982
"Molly Ringwald","nm0000208","good",True,1984,1985,1985
"Gary Sinise","nm0000641","average",True,2020,2020,2020
"Carol Kane","nm0001406","bad",True,1997,1997,1997
"Beatrice Dalle","nm0001095","bad",True,1988,1988,1988
"Melanie Lynskey","nm0001491","good",True,2011,2011,2011
"Anita Ekberg","nm0001179","bad",True,1979,1980,1980
"Isabelle Adjani","nm0000254","average",False,2009,2009,2009
"Marlon Brando","nm0000008","bad",True,1998,1998,1998
"Martin Landau","nm0001445","good",True,1998,1998,1998
"Robert Redford","nm0000602","bad",False,1994,1995,1995
"Sarah Jessica Parker","nm0000572","bad",True,2009,2012,2012
"James Spader","nm0000652","bad",True,2000,2001,2001
"Richard Burton","nm0000009","average",True,1973,1973,1973
"Gong Li","nm0000084","average",True,2010,2010,2010
"Hart Bochner","nm0000952","average",True,1992,1992,1992
"Katherine Helmond","nm0001340","average",True,2011,2011,2011
"Robert Downey Jr.","nm0000375","bad",True,1990,1990,1990
"Sissy Spacek","nm0000651","average",True,1983,1985,1985
"Ronny Cox","nm0001074","bad",True,1982,1982,1982
"Brent Spiner","nm0000653","bad",True,2008,2008,2008
"Blythe Danner","nm0001100","average",True,2005,2006,2006
"Cynthia Gibb","nm0001269","bad",False,2010,2012,2012
"Jill Clayburgh","nm0001049","average",False,2007,2009,2009
"Paul Sorvino","nm0000649","average",True,2003,2003,2003
"John Hurt","nm0000457","good",True,2010,2010,2010
"Beatrice Dalle","nm0001095","bad",False,1998,2000,2000
"Milton Berle","nm0000926","bad",False,1992,1993,1993
"Christopher Guest","nm0001302","good",True,1978,1978,1978
"Sandahl Bergman","nm0000922","good",True,1979,1979,1979
"Dan Aykroyd","nm0000101","average",False,1986,1986,1986
"Leonardo DiCaprio","nm0000138","average",True,1995,1996,1996
"Olympia Dukakis","nm0001156","average",False,1975,1978,1978
"John Carradine","nm0001017","bad",True,1973,1975,1975
"Melanie Griffith","nm0000429","bad",True,1973,1973,1973
"Sarah Michelle Gellar","nm0001264","bad",False,1990,1996,1996
"Kate Winslet","nm0000701","good",True,2008,2008,2008
"R. Lee Ermey","nm0000388","average",True,1989,1989,1989
"Jeremy Irons","nm0000460","bad",True,1983,1983,1983
"Scott Bakula","nm0000836","average",True,1991,1991,1991
"Jean-Luc Godard","nm0000419","average",False,1988,1992,1992
"Matt LeBlanc","nm0001455","bad",False,1997,1997,1997
"Joan Allen","nm0000260","average",False,1994,1994,1994
"Joan Collins","nm0001058","bad",True,2020,2020,2020
"Michael Bay","nm0000881","bad",False,2015,2018,2018
"Estelle Getty","nm0001268","bad",True,1992,1992,1992
"Noah Baumbach","nm0000876","average",False,1996,1996,1996
"Charlotte Gainsbourg","nm0001250","bad",True,1992,1992,1992
"Brian Dennehy","nm0001133","average",False,2003,2003,2003
"Maria Conchita Alonso","nm0000744","average",True,1990,1990,1990
"Ray Liotta","nm0000501","bad",True,1983,1983,1983
"Abel Ferrara","nm0001206","average",False,1982,2008,2008
"Peter Berg","nm0000916","bad",True,2001,2001,2001
"Kelly McGillis","nm0000534","average",True,2013,2013,2013
"Kurt Russell","nm0000621","good",True,2015,2016,2016
"Thora Birch","nm0000301","bad",False,2013,2017,2017
"Carol Kane","nm0001406","average",True,1971,1972,1972
"Brian Dennehy","nm0001133","average",False,1981,1981,1981
"Jim Belushi","nm0000902","bad",True,2011,2013,2013
"Christopher Lee","nm0000489","average",True,1974,1974,1974
"Sissy Spacek","nm0000651","average",False,1998,1998,1998
"Shirley MacLaine","nm0000511","bad",False,1973,1976,1976
"Elisabeth Shue","nm0000223","average",False,1992,1992,1992
"Jeff Goldblum","nm0000156","average",True,1997,1997,1997
"Robert Forster","nm0001233","bad",True,1988,1993,1993
"Emma Thompson","nm0000668","average",True,2005,2005,2005
"Tom Cruise","nm0000129","good",True,1996,1996,1996
"Kevin Bacon","nm0000102","bad",True,2020,2020,2020
"Dan Hedaya","nm0000445","bad",False,2011,2011,2011
"Roman Polanski","nm0000591","bad",True,1992,1992,1992
"Peter Jackson","nm0001392","good",False,1993,1993,1993
"Robert Duvall","nm0000380","bad",True,2002,2002,2002
"Kyle MacLachlan","nm0001492","good",True,1991,1991,1991
"Marianne Jean-Baptiste","nm0001399","bad",True,2006,2006,2006
